Preschool_Name,Distance_To_User_km,Average_Stars,Topic_0,Topic_1,Topic_2,Topic_3,Topic_4,Topic_5,fees_sc_nursery,fees_pr_nursery,curriculum_active_learning,curriculum_bilingual_curriculum,curriculum_child_directed,curriculum_chinese_curriculum,curriculum_early_years_development_framework,curriculum_english_curriculum,curriculum_ib_pyp,curriculum_inquiry_based,curriculum_integrated_curriculum,curriculum_montessori,curriculum_moe,curriculum_nurturing_early_learners_curriculum,curriculum_play_based_curriculum,curriculum_project_based,curriculum_reggio_emilia_approach,curriculum_spark_certified_curriculum,curriculum_thematic,curriculum_isteam,programme_aesthetics_&_creative_expression,programme_chinese,programme_digital_skills,programme_discovery_of_the_word,programme_english,programme_language_and_literacy,programme_math,programme_moral_education,programme_motor_skill_development,programme_music,programme_nature,programme_numeracy,programme_problem-solving_skills,programme_project_work,programme_science,programme_sensory_play,programme_social_&_emotional_development,programme_speech_and_drama,programme_sports,Cosine_Similarity,Euclidean_Distance,Manhattan_Distance
Wat Patthar Educare Centre,0.21387265252183002,1.0,,0.4679166666666667,,,,0.4679166666666667,0.46769242724482263,0.072072072072072,0.0,0.0,0.0,1.0,1.0,0.0,0.0,0.0,1.0,0.0,1.0,1.0,0.0,0.0,0.0,1.0,1.0,0.0,1.0,0.0,0.0,1.0,1.0,1.0,1.0,0.0,0.0,0.0,0.0,0.0,1.0,1.0,1.0,0.0,0.0,0.0,0.0,0.9999999999999999,0.0,0.0
The Orange Academy (Yishun) Pte Ltd,0.2917498667596867,1.0,,,,,,,1.0,0.1954954954954955,0.0,1.0,0.0,0.0,1.0,1.0,0.0,0.0,1.0,0.0,0.0,1.0,0.0,0.0,0.0,0.0,1.0,0.0,1.0,1.0,0.0,1.0,1.0,1.0,1.0,0.0,0.0,1.0,0.0,0.0,0.0,1.0,1.0,0.0,1.0,0.0,0.0,0.7208860396977816,3.12130446573999,10.669441543749791
The Little Skool-House International Pte Ltd (At-Republic-Polytechnic),0.35140241541866307,1.0,,,,,,,0.13354314799704703,1.0,0.0,0.0,0.0,0.0,0.0,1.0,0.0,0.0,1.0,0.0,0.0,0.0,0.0,0.0,0.0,1.0,1.0,0.0,1.0,0.0,1.0,1.0,1.0,1.0,1.0,0.0,0.0,0.0,1.0,0.0,0.0,1.0,1.0,0.0,1.0,0.0,0.0,0.6826016509024373,3.2294755657570433,11.335440303405871
Sunflower Preschool @ Teck Ghee Pte Ltd,0.9616676799661763,0.75,,0.0823103661835008,,,,0.0734358998975934,0.15685588840968245,0.5045045045045045,0.0,0.0,0.0,0.0,0.0,0.0,0.0,0.0,0.0,0.0,0.0,0.0,0.0,0.0,0.0,1.0,1.0,0.0,1.0,0.0,1.0,1.0,0.0,1.0,0.0,0.0,0.0,0.0,0.0,0.0,0.0,0.0,0.0,0.0,1.0,0.0,0.0,0.5068470004855166,3.6345043485856445,14.521151065964158
Sunflower Preschool @ Sembawang Pte Ltd,0.13611768740544727,1.0,0.4416666666666667,0.2363636363636364,,,,0.3390151515151515,0.15685588840968245,0.5045045045045045,0.0,0.0,0.0,0.0,0.0,0.0,0.0,0.0,0.0,0.0,0.0,0.0,0.0,0.0,0.0,1.0,1.0,0.0,1.0,0.0,1.0,1.0,0.0,1.0,0.0,0.0,0.0,0.0,0.0,0.0,0.0,0.0,0.0,0.0,1.0,0.0,0.0,0.5326265733313077,3.5432985829576946,13.623145148505166
Sunflower Preschool @ Mindef (Gombak) Pte Ltd,0.9796516331462328,0.0,,,,,,,0.15685588840968245,0.5045045045045045,0.0,0.0,0.0,0.0,0.0,0.0,0.0,0.0,0.0,0.0,0.0,0.0,0.0,0.0,0.0,1.0,1.0,0.0,1.0,0.0,1.0,1.0,0.0,1.0,0.0,0.0,0.0,0.0,0.0,0.0,0.0,0.0,0.0,0.0,1.0,0.0,0.0,0.4533775026881054,3.78258200486777,15.444881285225309
Star Learners @ Yishun Pte Ltd,0.3153953046428681,0.8928571428571428,,,,,,,0.15685588840968245,0.2072072072072072,1.0,0.0,0.0,1.0,1.0,1.0,0.0,0.0,1.0,0.0,0.0,1.0,0.0,0.0,0.0,1.0,1.0,0.0,1.0,1.0,1.0,1.0,1.0,1.0,1.0,0.0,1.0,1.0,1.0,1.0,0.0,1.0,1.0,1.0,1.0,1.0,1.0,0.6745111414137305,3.817664117394603,15.590470516567503
Star Learners @ Yio Chu Kang Pte Ltd,0.7744392673476251,0.8928571428571428,0.1964285714285714,0.1840210715210715,,,,0.2363286713286713,0.15685588840968245,0.2072072072072072,1.0,0.0,0.0,1.0,1.0,1.0,0.0,0.0,1.0,0.0,0.0,1.0,0.0,0.0,0.0,1.0,1.0,0.0,1.0,1.0,1.0,1.0,1.0,1.0,1.0,0.0,1.0,1.0,1.0,1.0,0.0,1.0,1.0,1.0,1.0,1.0,1.0,0.6804806299206223,3.8227489156781145,15.82559330785109
Star Learners @ Woodlands 888 Pte Ltd,0.23501506094237953,1.0,,,,,,,0.15685588840968245,0.2072072072072072,1.0,0.0,0.0,1.0,1.0,1.0,0.0,0.0,1.0,0.0,0.0,1.0,0.0,0.0,0.0,1.0,1.0,0.0,1.0,1.0,1.0,1.0,1.0,1.0,1.0,0.0,1.0,1.0,1.0,1.0,0.0,1.0,1.0,1.0,1.0,1.0,1.0,0.6767665951088173,3.8148682642976954,15.402947415724158
Star Learners @ Gambas Pte Ltd,0.04155679216804204,1.0,0.3401746031746032,0.6416666666666667,,,,0.3778611111111111,0.15685588840968245,0.2072072072072072,1.0,0.0,0.0,1.0,1.0,1.0,0.0,0.0,1.0,0.0,0.0,1.0,0.0,0.0,0.0,1.0,1.0,0.0,1.0,1.0,1.0,1.0,1.0,1.0,1.0,0.0,1.0,1.0,1.0,1.0,0.0,1.0,1.0,1.0,1.0,1.0,1.0,0.689529092896965,3.7813478338528825,15.222267693054222
Star Learners @ CCK Sports Centre Pte Ltd,0.9537269777009244,0.90625,0.2619047619047619,0.6666746031746031,,,,0.4481354875283446,0.15685588840968245,0.2072072072072072,1.0,0.0,0.0,1.0,1.0,1.0,0.0,0.0,1.0,0.0,0.0,1.0,0.0,0.0,0.0,1.0,1.0,0.0,1.0,1.0,1.0,1.0,1.0,1.0,1.0,0.0,1.0,1.0,1.0,1.0,0.0,1.0,1.0,1.0,1.0,1.0,1.0,0.686582120883537,3.844417310892588,15.76001987670039
Star Learners @ Bukit Panjang Pte Ltd,0.8429025203176448,1.0,0.5422222222222223,0.4367061774204631,,,,0.4551714852607709,0.15685588840968245,0.2072072072072072,1.0,0.0,0.0,1.0,1.0,1.0,0.0,0.0,1.0,0.0,0.0,1.0,0.0,0.0,0.0,1.0,1.0,0.0,1.0,1.0,1.0,1.0,1.0,1.0,1.0,0.0,1.0,1.0,1.0,1.0,0.0,1.0,1.0,1.0,1.0,1.0,1.0,0.6855120031895214,3.847817680940962,15.661179434640411
Spring Brainy Kidz (Yishun 716),0.23157262193895992,1.0,0.35,,0.35,,,,0.15685588840968245,0.072072072072072,1.0,0.0,0.0,1.0,1.0,1.0,0.0,1.0,1.0,1.0,1.0,1.0,0.0,0.0,1.0,1.0,1.0,0.0,1.0,1.0,1.0,1.0,1.0,1.0,1.0,0.0,1.0,1.0,1.0,1.0,0.0,1.0,1.0,1.0,1.0,0.0,0.0,0.695370219231649,3.8444537527041818,15.964369841585604
Skool4Kidz Centre (Yishun Orchid Spring),0.44086545433024815,0.875,0.7,,,,,0.7,0.0,0.16216216216216217,0.0,1.0,0.0,1.0,1.0,1.0,0.0,0.0,1.0,0.0,1.0,1.0,0.0,0.0,1.0,1.0,1.0,0.0,1.0,1.0,1.0,1.0,1.0,1.0,1.0,1.0,1.0,1.0,1.0,1.0,0.0,1.0,1.0,0.0,1.0,1.0,0.0,0.7082053487783656,3.749241502419254,15.30977531914333
Skool4Kidz Centre (Yishun Oleander Breeze),0.4323135972038074,1.0,0.6166666666666667,,,,0.6166666666666667,,0.0,0.16216216216216217,0.0,1.0,0.0,1.0,1.0,1.0,0.0,0.0,1.0,0.0,1.0,1.0,0.0,0.0,1.0,1.0,1.0,0.0,1.0,1.0,1.0,1.0,1.0,1.0,1.0,1.0,1.0,1.0,1.0,1.0,0.0,1.0,1.0,0.0,1.0,1.0,0.0,0.6986574989870451,3.8043417888765716,15.945390128683556
Skool4Kidz Centre (Woodlands Ring Road),0.18070444288113255,0.625,,,,,,,0.0,0.16216216216216217,0.0,1.0,0.0,1.0,1.0,1.0,0.0,0.0,1.0,0.0,1.0,1.0,0.0,0.0,1.0,1.0,1.0,0.0,1.0,1.0,1.0,1.0,1.0,1.0,1.0,1.0,1.0,1.0,1.0,1.0,0.0,1.0,1.0,0.0,1.0,1.0,0.0,0.6981071791385508,3.7157057976721264,14.901784060308945
Skool4Kidz Centre (Woodlands Crescent),0.1513908035460834,0.625,,,,,,,0.0,0.16216216216216217,0.0,1.0,0.0,1.0,1.0,1.0,0.0,0.0,1.0,0.0,1.0,1.0,0.0,0.0,1.0,1.0,1.0,0.0,1.0,1.0,1.0,1.0,1.0,1.0,1.0,1.0,1.0,1.0,1.0,1.0,0.0,1.0,1.0,0.0,1.0,1.0,0.0,0.6979373956011518,3.716083075790275,14.931097699643992
Skool4Kidz Centre (Senja Parc View),0.8887556730452352,0.33333333333333326,,,,,,,0.0,0.16216216216216217,0.0,1.0,0.0,1.0,1.0,1.0,0.0,0.0,1.0,0.0,1.0,1.0,0.0,0.0,1.0,1.0,1.0,0.0,1.0,1.0,1.0,1.0,1.0,1.0,1.0,1.0,1.0,1.0,1.0,1.0,0.0,1.0,1.0,0.0,1.0,1.0,0.0,0.685275387491381,3.8163668561288393,15.835165537858318
Skool4Kidz Centre (Sembawang Sunbreeze),0.011808318342184161,0.33333333333333326,0.0,-0.3429687499999999,,,,0.0,0.0,0.16216216216216217,0.0,1.0,0.0,1.0,1.0,1.0,0.0,0.0,1.0,0.0,1.0,1.0,0.0,0.0,1.0,1.0,1.0,0.0,1.0,1.0,1.0,1.0,1.0,1.0,1.0,1.0,1.0,1.0,1.0,1.0,0.0,1.0,1.0,0.0,1.0,1.0,0.0,0.677374035888872,3.819503637429034,15.705315601514558
Skool4Kidz Centre (Sembawang Canberra East Crown),0.20567701150755419,0.0,,-1.0,,,,,0.0,0.16216216216216217,0.0,1.0,0.0,1.0,1.0,1.0,0.0,0.0,1.0,0.0,1.0,1.0,0.0,0.0,1.0,1.0,1.0,0.0,1.0,1.0,1.0,1.0,1.0,1.0,1.0,1.0,1.0,1.0,1.0,1.0,0.0,1.0,1.0,0.0,1.0,1.0,0.0,0.6389375107513886,4.0743889046811,16.501811491682524
Skool4Kidz Centre (Marsiling Drive),0.4884375597984771,0.0,,-0.15,,,,,0.0,0.16216216216216217,0.0,1.0,0.0,1.0,1.0,1.0,0.0,0.0,1.0,0.0,1.0,1.0,0.0,0.0,1.0,1.0,1.0,0.0,1.0,1.0,1.0,1.0,1.0,1.0,1.0,1.0,1.0,1.0,1.0,1.0,0.0,1.0,1.0,0.0,1.0,1.0,0.0,0.6702262142153567,3.860441080113944,15.918180757944892
Skool4Kidz Centre (Hougang Buangkok Square),0.9950748895996793,1.0,,,,,,,0.0,0.16216216216216217,0.0,1.0,0.0,1.0,1.0,1.0,0.0,0.0,1.0,0.0,1.0,1.0,0.0,0.0,1.0,1.0,1.0,0.0,1.0,1.0,1.0,1.0,1.0,1.0,1.0,1.0,1.0,1.0,1.0,1.0,0.0,1.0,1.0,0.0,1.0,1.0,0.0,0.7036876817784131,3.7782299268227337,15.274818087746095
Skool4Kidz Campus @ Yishun,0.39670592203030913,0.6071428571428571,0.4177104377104377,0.4303030303030303,,,,0.424006734006734,0.0,0.16216216216216217,0.0,1.0,0.0,1.0,1.0,1.0,0.0,0.0,1.0,0.0,1.0,1.0,0.0,0.0,1.0,1.0,1.0,0.0,1.0,1.0,1.0,1.0,1.0,1.0,1.0,1.0,1.0,1.0,1.0,1.0,0.0,1.0,1.0,0.0,1.0,1.0,0.0,0.7099053770048279,3.6867929217094053,14.632706936434541
Skool4Kidz Campus @ Sengkang Riverside Park,0.9472135756140667,0.38095238095238104,0.2051369992441421,-0.1227290764790764,0.14375,,,0.0481557067271353,0.0,0.16216216216216217,0.0,1.0,0.0,1.0,1.0,1.0,0.0,0.0,1.0,0.0,1.0,1.0,0.0,0.0,1.0,1.0,1.0,0.0,1.0,1.0,1.0,1.0,1.0,1.0,1.0,1.0,1.0,1.0,1.0,1.0,0.0,1.0,1.0,0.0,1.0,1.0,0.0,0.683659101764395,3.838706579475609,16.269464761804187
PPS Yishun,0.40662417650227695,0.9375,0.5117857142857143,0.399375,,,,0.4368452380952381,0.3806581963709834,0.05189189189189192,0.0,0.0,0.0,1.0,1.0,1.0,0.0,0.0,1.0,0.0,1.0,0.0,0.0,0.0,0.0,1.0,1.0,0.0,1.0,1.0,1.0,1.0,1.0,1.0,1.0,0.0,0.0,1.0,0.0,0.0,0.0,1.0,1.0,0.0,1.0,0.0,0.0,0.8024997028525768,2.7049269136341825,7.973864744558275
PCF Sparkletots Preschool @ Zhenghua Blk 632A (CC),0.9131821138407155,1.0,,,,,,,0.23922757120099458,0.23513513513513506,0.0,1.0,0.0,1.0,1.0,1.0,0.0,0.0,1.0,0.0,0.0,1.0,0.0,0.0,0.0,1.0,1.0,0.0,1.0,1.0,1.0,1.0,1.0,1.0,1.0,0.0,1.0,1.0,1.0,1.0,1.0,1.0,1.0,0.0,1.0,0.0,0.0,0.7506116886103661,3.317485718064455,12.02667071375911
PCF Sparkletots Preschool @ Zhenghua Blk 528 (KN),0.8571790501570205,0.8125,,,,,,,0.23922757120099458,0.23513513513513506,0.0,1.0,0.0,1.0,1.0,1.0,0.0,0.0,1.0,0.0,0.0,1.0,0.0,0.0,0.0,1.0,1.0,0.0,1.0,1.0,1.0,1.0,1.0,1.0,1.0,0.0,1.0,1.0,1.0,1.0,1.0,1.0,1.0,0.0,1.0,0.0,0.0,0.7474465239006995,3.3114463815846227,12.158167650075415
PCF Sparkletots Preschool @ Woodlands Blk 853 (CC),0.25436243813661535,1.0,,,,,,,0.23922757120099458,0.23513513513513506,0.0,1.0,0.0,1.0,1.0,1.0,0.0,0.0,1.0,0.0,0.0,1.0,0.0,0.0,0.0,1.0,1.0,0.0,1.0,1.0,1.0,1.0,1.0,1.0,1.0,0.0,1.0,1.0,1.0,1.0,1.0,1.0,1.0,0.0,1.0,0.0,0.0,0.7554478911321914,3.2431955213355015,11.36785103805501
PCF Sparkletots Preschool @ Woodlands Blk 824 (CC),0.3032366164456887,1.0,,,,,,,0.23922757120099458,0.23513513513513506,0.0,1.0,0.0,1.0,1.0,1.0,0.0,0.0,1.0,0.0,0.0,1.0,0.0,0.0,0.0,1.0,1.0,0.0,1.0,1.0,1.0,1.0,1.0,1.0,1.0,0.0,1.0,1.0,1.0,1.0,1.0,1.0,1.0,0.0,1.0,0.0,0.0,0.755542278926147,3.2441738062131797,11.416725216364084
PCF Sparkletots Preschool @ Woodlands Blk 801 (CC),0.3261032715704752,1.0,0.0,0.6,0.6,,,0.0,0.23922757120099458,0.23513513513513506,0.0,1.0,0.0,1.0,1.0,1.0,0.0,0.0,1.0,0.0,0.0,1.0,0.0,0.0,0.0,1.0,1.0,0.0,1.0,1.0,1.0,1.0,1.0,1.0,1.0,0.0,1.0,1.0,1.0,1.0,1.0,1.0,1.0,0.0,1.0,0.0,0.0,0.7583281361786348,3.269216034269312,11.703758538155537
PCF Sparkletots Preschool @ Woodlands Blk 677 (CC),0.15943888098382897,1.0,,0.0,,,,,0.23922757120099458,0.23513513513513506,0.0,1.0,0.0,1.0,1.0,1.0,0.0,0.0,1.0,0.0,0.0,1.0,0.0,0.0,0.0,1.0,1.0,0.0,1.0,1.0,1.0,1.0,1.0,1.0,1.0,0.0,1.0,1.0,1.0,1.0,1.0,1.0,1.0,0.0,1.0,0.0,0.0,0.7550513751867992,3.24339957488364,11.381795023978226
PCF Sparkletots Preschool @ Woodlands Blk 649 (CC),0.16953970216417136,1.0,,,,,,,0.23922757120099458,0.23513513513513506,0.0,1.0,0.0,1.0,1.0,1.0,0.0,0.0,1.0,0.0,0.0,1.0,0.0,0.0,0.0,1.0,1.0,0.0,1.0,1.0,1.0,1.0,1.0,1.0,1.0,0.0,1.0,1.0,1.0,1.0,1.0,1.0,1.0,0.0,1.0,0.0,0.0,0.7551069744994405,3.243245778130134,11.371694202797883
PCF Sparkletots Preschool @ Woodlands Blk 604 (CC),0.22553600859127573,1.0,,,,,,,0.23922757120099458,0.23513513513513506,0.0,1.0,0.0,1.0,1.0,1.0,0.0,0.0,1.0,0.0,0.0,1.0,0.0,0.0,0.0,1.0,1.0,0.0,1.0,1.0,1.0,1.0,1.0,1.0,1.0,0.0,1.0,1.0,1.0,1.0,1.0,1.0,1.0,0.0,1.0,0.0,0.0,0.7553572715335931,3.2429637371926203,11.339024608509671
PCF Sparkletots Preschool @ Woodgrove Blk 894D (CC),0.29418172544415305,0.25,0.6000000000000001,,,,,0.6000000000000001,0.23922757120099458,0.23513513513513506,0.0,1.0,0.0,1.0,1.0,1.0,0.0,0.0,1.0,0.0,0.0,1.0,0.0,0.0,0.0,1.0,1.0,0.0,1.0,1.0,1.0,1.0,1.0,1.0,1.0,0.0,1.0,1.0,1.0,1.0,1.0,1.0,1.0,0.0,1.0,0.0,0.0,0.735506033133995,3.353226403639511,12.421836992029213
PCF Sparkletots Preschool @ Woodgrove Blk 571B (CC),0.3156683599179854,0.75,,0.2,,,,0.2,0.23922757120099458,0.23513513513513506,0.0,1.0,0.0,1.0,1.0,1.0,0.0,0.0,1.0,0.0,0.0,1.0,0.0,0.0,0.0,1.0,1.0,0.0,1.0,1.0,1.0,1.0,1.0,1.0,1.0,0.0,1.0,1.0,1.0,1.0,1.0,1.0,1.0,0.0,1.0,0.0,0.0,0.7580475901518526,3.208614467271267,11.27915695983638
PCF Sparkletots Preschool @ Woodgrove Blk 364 (KN),0.33802984728225827,0.75,0.4361858974358974,0.1010697115384615,,,,0.4361858974358974,0.23922757120099458,0.23513513513513506,0.0,1.0,0.0,1.0,1.0,1.0,0.0,0.0,1.0,0.0,0.0,1.0,0.0,0.0,0.0,1.0,1.0,0.0,1.0,1.0,1.0,1.0,1.0,1.0,1.0,0.0,1.0,1.0,1.0,1.0,1.0,1.0,1.0,0.0,1.0,0.0,0.0,0.7563637024794008,3.237675466954368,11.60044873566219
PCF Sparkletots Preschool @ Woodgrove Blk 339 (CC),0.4037846748140439,1.0,,,,,,,0.23922757120099458,0.23513513513513506,0.0,1.0,0.0,1.0,1.0,1.0,0.0,0.0,1.0,0.0,0.0,1.0,0.0,0.0,0.0,1.0,1.0,0.0,1.0,1.0,1.0,1.0,1.0,1.0,1.0,0.0,1.0,1.0,1.0,1.0,1.0,1.0,1.0,0.0,1.0,0.0,0.0,0.7555029808670076,3.248498782989251,11.517273274732439
PCF Sparkletots Preschool @ Woodgrove Blk 334 (CC),0.4188400031839369,1.0,0.91,,,,,0.91,0.23922757120099458,0.23513513513513506,0.0,1.0,0.0,1.0,1.0,1.0,0.0,0.0,1.0,0.0,0.0,1.0,0.0,0.0,0.0,1.0,1.0,0.0,1.0,1.0,1.0,1.0,1.0,1.0,1.0,0.0,1.0,1.0,1.0,1.0,1.0,1.0,1.0,0.0,1.0,0.0,0.0,0.7514109180419462,3.3709466101342564,12.416495269768998
PCF Sparkletots Preschool @ Woodgrove Blk 302 (CC),0.47689806334414886,0.875,,,,,,,0.23922757120099458,0.23513513513513506,0.0,1.0,0.0,1.0,1.0,1.0,0.0,0.0,1.0,0.0,0.0,1.0,0.0,0.0,0.0,1.0,1.0,0.0,1.0,1.0,1.0,1.0,1.0,1.0,1.0,0.0,1.0,1.0,1.0,1.0,1.0,1.0,1.0,0.0,1.0,0.0,0.0,0.7527126090199614,3.2559921888127703,11.715386663262542
PCF Sparkletots Preschool @ Teck Ghee Blk 415 (CC),0.9780367776079366,0.0,,0.0500293944738389,,,,0.1357142857142857,0.23922757120099458,0.23513513513513506,0.0,1.0,0.0,1.0,1.0,1.0,0.0,0.0,1.0,0.0,0.0,1.0,0.0,0.0,0.0,1.0,1.0,0.0,1.0,1.0,1.0,1.0,1.0,1.0,1.0,0.0,1.0,1.0,1.0,1.0,1.0,1.0,1.0,0.0,1.0,0.0,0.0,0.7190158582754612,3.4565475198848987,12.905781697338206
PCF Sparkletots Preschool @ Teck Ghee Blk 310A (CC),0.9340516973235382,1.0,,,,,,,0.23922757120099458,0.23513513513513506,0.0,1.0,0.0,1.0,1.0,1.0,0.0,0.0,1.0,0.0,0.0,1.0,0.0,0.0,0.0,1.0,1.0,0.0,1.0,1.0,1.0,1.0,1.0,1.0,1.0,0.0,1.0,1.0,1.0,1.0,1.0,1.0,1.0,0.0,1.0,0.0,0.0,0.7502508408699359,3.32194756482444,12.047540297241934
PCF Sparkletots Preschool @ Teck Ghee Blk 301 (DS),0.9177108338016609,1.0,,,,,,,0.23922757120099458,0.23513513513513506,0.0,1.0,0.0,1.0,1.0,1.0,0.0,0.0,1.0,0.0,0.0,1.0,0.0,0.0,0.0,1.0,1.0,0.0,1.0,1.0,1.0,1.0,1.0,1.0,1.0,0.0,1.0,1.0,1.0,1.0,1.0,1.0,1.0,0.0,1.0,0.0,0.0,0.7505344117774,3.318443302559021,12.031199433720055
PCF Sparkletots Preschool @ Sengkang West Blk 351 (EY),0.9701607663631746,1.0,,,,,,,0.23922757120099458,0.23513513513513506,0.0,1.0,0.0,1.0,1.0,1.0,0.0,0.0,1.0,0.0,0.0,1.0,0.0,0.0,0.0,1.0,1.0,0.0,1.0,1.0,1.0,1.0,1.0,1.0,1.0,0.0,1.0,1.0,1.0,1.0,1.0,1.0,1.0,0.0,1.0,0.0,0.0,0.7495980779605973,3.329962383873011,12.08364936628157
PCF Sparkletots Preschool @ Sembawang West Blk 780D (CC),0.16207855766918816,0.0,,-0.2388888888888888,,,,,0.23922757120099458,0.23513513513513506,0.0,1.0,0.0,1.0,1.0,1.0,0.0,0.0,1.0,0.0,0.0,1.0,0.0,0.0,0.0,1.0,1.0,0.0,1.0,1.0,1.0,1.0,1.0,1.0,1.0,0.0,1.0,1.0,1.0,1.0,1.0,1.0,1.0,0.0,1.0,0.0,0.0,0.7137852777327355,3.4351111308883273,12.618044236181754
PCF Sparkletots Preschool @ Sembawang West Blk 755 (CC),0.2507760819391581,1.0,,,,,,,0.23922757120099458,0.23513513513513506,0.0,1.0,0.0,1.0,1.0,1.0,0.0,0.0,1.0,0.0,0.0,1.0,0.0,0.0,0.0,1.0,1.0,0.0,1.0,1.0,1.0,1.0,1.0,1.0,1.0,0.0,1.0,1.0,1.0,1.0,1.0,1.0,1.0,0.0,1.0,0.0,0.0,0.7554380307027642,3.2431527299796232,11.364264681857552
PCF Sparkletots Preschool @ Sembawang Central Blk 504A (CC),0.12996082648305618,0.625,,0.0,,,,0.0,0.23922757120099458,0.23513513513513506,0.0,1.0,0.0,1.0,1.0,1.0,0.0,0.0,1.0,0.0,0.0,1.0,0.0,0.0,0.0,1.0,1.0,0.0,1.0,1.0,1.0,1.0,1.0,1.0,1.0,0.0,1.0,1.0,1.0,1.0,1.0,1.0,1.0,0.0,1.0,0.0,0.0,0.7456700433817824,3.2656307141838137,11.786273078478999
PCF Sparkletots Preschool @ Sembawang Central Blk 105 (CC),0.19696437223322566,1.0,,,,,,,0.23922757120099458,0.23513513513513506,0.0,1.0,0.0,1.0,1.0,1.0,0.0,0.0,1.0,0.0,0.0,1.0,0.0,0.0,0.0,1.0,1.0,0.0,1.0,1.0,1.0,1.0,1.0,1.0,1.0,0.0,1.0,1.0,1.0,1.0,1.0,1.0,1.0,0.0,1.0,0.0,0.0,0.7552418197397274,3.242986841911919,11.344269532728829
PCF Sparkletots Preschool @ Punggol West Blk 222 (CC),0.9974861669086796,0.5,0.0,0.0,,,,,0.23922757120099458,0.23513513513513506,0.0,1.0,0.0,1.0,1.0,1.0,0.0,0.0,1.0,0.0,0.0,1.0,0.0,0.0,0.0,1.0,1.0,0.0,1.0,1.0,1.0,1.0,1.0,1.0,1.0,0.0,1.0,1.0,1.0,1.0,1.0,1.0,1.0,0.0,1.0,0.0,0.0,0.7357400631882657,3.3735334453360966,12.610974766827074
PCF Sparkletots Preschool @ Nee Soon South Blk 781 (CC),0.3017802596983114,0.6666666666666666,,,,,,,0.23922757120099458,0.23513513513513506,0.0,1.0,0.0,1.0,1.0,1.0,0.0,0.0,1.0,0.0,0.0,1.0,0.0,0.0,0.0,1.0,1.0,0.0,1.0,1.0,1.0,1.0,1.0,1.0,1.0,0.0,1.0,1.0,1.0,1.0,1.0,1.0,1.0,0.0,1.0,0.0,0.0,0.7475941807391889,3.261213980311953,11.74860219295004
PCF Sparkletots Preschool @ Nee Soon Link Blk 461 (EY),0.4191015159180039,0.6666666666666666,0.4884722222222222,0.3433585858585858,,,,0.5942361111111111,0.23922757120099458,0.23513513513513506,0.0,1.0,0.0,1.0,1.0,1.0,0.0,0.0,1.0,0.0,0.0,1.0,0.0,0.0,0.0,1.0,1.0,0.0,1.0,1.0,1.0,1.0,1.0,1.0,1.0,0.0,1.0,1.0,1.0,1.0,1.0,1.0,1.0,0.0,1.0,0.0,0.0,0.7582997543346489,3.2406931634893628,11.669439863311146
PCF Sparkletots Preschool @ Nee Soon Link Blk 446 (CC),0.4008370856891083,0.5,,,,,,,0.23922757120099458,0.23513513513513506,0.0,1.0,0.0,1.0,1.0,1.0,0.0,0.0,1.0,0.0,0.0,1.0,0.0,0.0,0.0,1.0,1.0,0.0,1.0,1.0,1.0,1.0,1.0,1.0,1.0,0.0,1.0,1.0,1.0,1.0,1.0,1.0,1.0,0.0,1.0,0.0,0.0,0.7422370111393293,3.286583859593588,12.014325685607503
PCF Sparkletots Preschool @ Nee Soon East Blk 312 (CC),0.3168906505135181,1.0,,,,,,,0.23922757120099458,0.23513513513513506,0.0,1.0,0.0,1.0,1.0,1.0,0.0,0.0,1.0,0.0,0.0,1.0,0.0,0.0,0.0,1.0,1.0,0.0,1.0,1.0,1.0,1.0,1.0,1.0,1.0,0.0,1.0,1.0,1.0,1.0,1.0,1.0,1.0,0.0,1.0,0.0,0.0,0.755555350945709,3.2445786282322917,11.430379250431912
PCF Sparkletots Preschool @ Nee Soon Central Blk 671 (DS),0.3957141211536623,1.0,,,,,,,0.23922757120099458,0.23513513513513506,0.0,1.0,0.0,1.0,1.0,1.0,0.0,0.0,1.0,0.0,0.0,1.0,0.0,0.0,0.0,1.0,1.0,0.0,1.0,1.0,1.0,1.0,1.0,1.0,1.0,0.0,1.0,1.0,1.0,1.0,1.0,1.0,1.0,0.0,1.0,0.0,0.0,0.7555176879091495,3.248036958931611,11.509202721072057
PCF Sparkletots Preschool @ Nee Soon Central Blk 646 (DS),0.34259640998419083,1.0,,,,,,,0.23922757120099458,0.23513513513513506,0.0,1.0,0.0,1.0,1.0,1.0,0.0,0.0,1.0,0.0,0.0,1.0,0.0,0.0,0.0,1.0,1.0,0.0,1.0,1.0,1.0,1.0,1.0,1.0,1.0,0.0,1.0,1.0,1.0,1.0,1.0,1.0,1.0,0.0,1.0,0.0,0.0,0.7555642355930401,3.2454965063310044,11.456085009902585
PCF Sparkletots Preschool @ Marymount Blk 257 (CC),0.9804134742266813,1.0,,,,,,,0.23922757120099458,0.23513513513513506,0.0,1.0,0.0,1.0,1.0,1.0,0.0,0.0,1.0,0.0,0.0,1.0,0.0,0.0,0.0,1.0,1.0,0.0,1.0,1.0,1.0,1.0,1.0,1.0,1.0,0.0,1.0,1.0,1.0,1.0,1.0,1.0,1.0,0.0,1.0,0.0,0.0,0.7494062148037276,3.3323058980549,12.093902074145076
PCF Sparkletots Preschool @ Limbang Blk 786 (EY),0.9211962434208737,0.625,,0.6,,,,0.6,0.23922757120099458,0.23513513513513506,0.0,1.0,0.0,1.0,1.0,1.0,0.0,0.0,1.0,0.0,0.0,1.0,0.0,0.0,0.0,1.0,1.0,0.0,1.0,1.0,1.0,1.0,1.0,1.0,1.0,0.0,1.0,1.0,1.0,1.0,1.0,1.0,1.0,0.0,1.0,0.0,0.0,0.7579293869013304,3.279422118165614,11.7380181766726
PCF Sparkletots Preschool @ Kebun Baru Blk 260B (CC),0.8558287078270271,1.0,0.1,,,,,0.1,0.23922757120099458,0.23513513513513506,0.0,1.0,0.0,1.0,1.0,1.0,0.0,0.0,1.0,0.0,0.0,1.0,0.0,0.0,0.0,1.0,1.0,0.0,1.0,1.0,1.0,1.0,1.0,1.0,1.0,0.0,1.0,1.0,1.0,1.0,1.0,1.0,1.0,0.0,1.0,0.0,0.0,0.7535341021164834,3.2947233587178757,11.96931730774542
PCF Sparkletots Preschool @ Kebun Baru Blk 109 (CC),0.854107436033849,1.0,0.2458333333333333,0.3374999999999999,,,,0.2916666666666666,0.23922757120099458,0.23513513513513506,0.0,1.0,0.0,1.0,1.0,1.0,0.0,0.0,1.0,0.0,0.0,1.0,0.0,0.0,0.0,1.0,1.0,0.0,1.0,1.0,1.0,1.0,1.0,1.0,1.0,0.0,1.0,1.0,1.0,1.0,1.0,1.0,1.0,0.0,1.0,0.0,0.0,0.762049221317585,3.2553329980546595,11.584262702618911
PCF Sparkletots Preschool @ Jalan Kayu Blk 987C (DS),0.9962917030260715,0.75,0.1556734006734006,0.1348588154269972,,,,0.1316666666666666,0.23922757120099458,0.23513513513513506,0.0,1.0,0.0,1.0,1.0,1.0,0.0,0.0,1.0,0.0,0.0,1.0,0.0,0.0,0.0,1.0,1.0,0.0,1.0,1.0,1.0,1.0,1.0,1.0,1.0,0.0,1.0,1.0,1.0,1.0,1.0,1.0,1.0,0.0,1.0,0.0,0.0,0.7486394711967608,3.316879727398056,12.248928221524203
PCF Sparkletots Preschool @ Fernvale Blk 469B (EY),0.8732579431858317,0.75,,0.4666666666666667,,,,0.4666666666666667,0.23922757120099458,0.23513513513513506,0.0,1.0,0.0,1.0,1.0,1.0,0.0,0.0,1.0,0.0,0.0,1.0,0.0,0.0,0.0,1.0,1.0,0.0,1.0,1.0,1.0,1.0,1.0,1.0,1.0,0.0,1.0,1.0,1.0,1.0,1.0,1.0,1.0,0.0,1.0,0.0,0.0,0.7604570671023838,3.2520882275126985,11.303413209770893
PCF Sparkletots Preschool @ Fernvale Blk 455 (CC),0.8483494514879723,0.9166666666666667,,,,,,,0.23922757120099458,0.23513513513513506,0.0,1.0,0.0,1.0,1.0,1.0,0.0,0.0,1.0,0.0,0.0,1.0,0.0,0.0,0.0,1.0,1.0,0.0,1.0,1.0,1.0,1.0,1.0,1.0,1.0,0.0,1.0,1.0,1.0,1.0,1.0,1.0,1.0,0.0,1.0,0.0,0.0,0.7499796277048348,3.305477729427668,12.0451713847397
PCF Sparkletots Preschool @ Fernvale Blk 436D (EY),0.8847299540994625,0.75,0.0,0.6,,,,0.3,0.23922757120099458,0.23513513513513506,0.0,1.0,0.0,1.0,1.0,1.0,0.0,0.0,1.0,0.0,0.0,1.0,0.0,0.0,0.0,1.0,1.0,0.0,1.0,1.0,1.0,1.0,1.0,1.0,1.0,0.0,1.0,1.0,1.0,1.0,1.0,1.0,1.0,0.0,1.0,0.0,0.0,0.7592842068189054,3.2614379169243044,11.612385220684523
PCF Sparkletots Preschool @ Fernvale Blk 416A (DS),0.9286164109763557,0.75,,,,,,,0.23922757120099458,0.23513513513513506,0.0,1.0,0.0,1.0,1.0,1.0,0.0,0.0,1.0,0.0,0.0,1.0,0.0,0.0,0.0,1.0,1.0,0.0,1.0,1.0,1.0,1.0,1.0,1.0,1.0,0.0,1.0,1.0,1.0,1.0,1.0,1.0,1.0,0.0,1.0,0.0,0.0,0.7446585169442189,3.3301706273284593,12.292105010894751
PCF Sparkletots Preschool @ Chua Chu Kang Blk 19 (CC),1.0,1.0,,,,,,,0.23922757120099458,0.23513513513513506,0.0,1.0,0.0,1.0,1.0,1.0,0.0,0.0,1.0,0.0,0.0,1.0,0.0,0.0,0.0,1.0,1.0,0.0,1.0,1.0,1.0,1.0,1.0,1.0,1.0,0.0,1.0,1.0,1.0,1.0,1.0,1.0,1.0,0.0,1.0,0.0,0.0,0.749031723718456,3.3368658908209943,12.113488599918394
PCF Sparkletots Preschool @ Chua Chu Kang Blk 10 (KN),0.973397685598708,1.0,,,,,,,0.23922757120099458,0.23513513513513506,0.0,1.0,0.0,1.0,1.0,1.0,0.0,0.0,1.0,0.0,0.0,1.0,0.0,0.0,0.0,1.0,1.0,0.0,1.0,1.0,1.0,1.0,1.0,1.0,1.0,0.0,1.0,1.0,1.0,1.0,1.0,1.0,1.0,0.0,1.0,0.0,0.0,0.7495378143450155,3.3306990321465486,12.086886285517103
PCF Sparkletots Preschool @ Chong Pang Blk 142 (CC),0.21841075956368278,1.0,,,,,,,0.23922757120099458,0.23513513513513506,0.0,1.0,0.0,1.0,1.0,1.0,0.0,0.0,1.0,0.0,0.0,1.0,0.0,0.0,0.0,1.0,1.0,0.0,1.0,1.0,1.0,1.0,1.0,1.0,1.0,0.0,1.0,1.0,1.0,1.0,1.0,1.0,1.0,0.0,1.0,0.0,0.0,0.7553308696149423,3.2429459386932504,11.331899359482078
PCF Sparkletots Preschool @ Chong Pang Blk 115B (CC),0.17114769323567827,0.75,,,,,,,0.23922757120099458,0.23513513513513506,0.0,1.0,0.0,1.0,1.0,1.0,0.0,0.0,1.0,0.0,0.0,1.0,0.0,0.0,0.0,1.0,1.0,0.0,1.0,1.0,1.0,1.0,1.0,1.0,1.0,0.0,1.0,1.0,1.0,1.0,1.0,1.0,1.0,0.0,1.0,0.0,0.0,0.7494897701248739,3.2528453988804213,11.620086211726376
PCF Sparkletots Preschool @ Chong Pang Blk 107 (KN),0.17996867631170974,0.75,,,,,,,0.23922757120099458,0.23513513513513506,0.0,1.0,0.0,1.0,1.0,1.0,0.0,0.0,1.0,0.0,0.0,1.0,0.0,0.0,0.0,1.0,1.0,0.0,1.0,1.0,1.0,1.0,1.0,1.0,1.0,0.0,1.0,1.0,1.0,1.0,1.0,1.0,1.0,0.0,1.0,0.0,0.0,0.7495356033986099,3.2527414970259136,11.611265228650344
PCF Sparkletots Preschool @ Canberra Blk 468C (EY),0.0762746153223532,0.5,,,,,,,0.23922757120099458,0.23513513513513506,0.0,1.0,0.0,1.0,1.0,1.0,0.0,0.0,1.0,0.0,0.0,1.0,0.0,0.0,0.0,1.0,1.0,0.0,1.0,1.0,1.0,1.0,1.0,1.0,1.0,0.0,1.0,1.0,1.0,1.0,1.0,1.0,1.0,0.0,1.0,0.0,0.0,0.7411791633553043,3.284145396707136,11.964959289639701
PCF Sparkletots Preschool @ Canberra Blk 413 (CC),0.09582832236911602,0.5,,,,,,,0.23922757120099458,0.23513513513513506,0.0,1.0,0.0,1.0,1.0,1.0,0.0,0.0,1.0,0.0,0.0,1.0,0.0,0.0,0.0,1.0,1.0,0.0,1.0,1.0,1.0,1.0,1.0,1.0,1.0,0.0,1.0,1.0,1.0,1.0,1.0,1.0,1.0,0.0,1.0,0.0,0.0,0.7413374335174404,3.283384264863424,11.945405582592938
PCF Sparkletots Preschool @ Canberra Blk 337 (CC),0.030930372646877164,0.5,,,,,,,0.23922757120099458,0.23513513513513506,0.0,1.0,0.0,1.0,1.0,1.0,0.0,0.0,1.0,0.0,0.0,1.0,0.0,0.0,0.0,1.0,1.0,0.0,1.0,1.0,1.0,1.0,1.0,1.0,1.0,0.0,1.0,1.0,1.0,1.0,1.0,1.0,1.0,0.0,1.0,0.0,0.0,0.7407654124277466,3.2863575040821975,12.010303532315177
PCF Sparkletots Preschool @ Canberra Blk 330 (DS),0.04645357217260092,0.25,,,,,,,0.23922757120099458,0.23513513513513506,0.0,1.0,0.0,1.0,1.0,1.0,0.0,0.0,1.0,0.0,0.0,1.0,0.0,0.0,0.0,1.0,1.0,0.0,1.0,1.0,1.0,1.0,1.0,1.0,1.0,0.0,1.0,1.0,1.0,1.0,1.0,1.0,1.0,0.0,1.0,0.0,0.0,0.7312009418307406,3.3327476525138393,12.244780332789453
PCF Sparkletots Preschool @ Bukit Panjang Blk 412 (CC),0.8569973275217492,1.0,,,,,,,0.23922757120099458,0.23513513513513506,0.0,1.0,0.0,1.0,1.0,1.0,0.0,0.0,1.0,0.0,0.0,1.0,0.0,0.0,0.0,1.0,1.0,0.0,1.0,1.0,1.0,1.0,1.0,1.0,1.0,0.0,1.0,1.0,1.0,1.0,1.0,1.0,1.0,0.0,1.0,0.0,0.0,0.7515226910601065,3.3060984731954486,11.970485927440144
PCF Sparkletots Preschool @ Bukit Panjang Blk 226 (EY),0.9009435572367466,1.0,,,,,,,0.23922757120099458,0.23513513513513506,0.0,1.0,0.0,1.0,1.0,1.0,0.0,0.0,1.0,0.0,0.0,1.0,0.0,0.0,0.0,1.0,1.0,0.0,1.0,1.0,1.0,1.0,1.0,1.0,1.0,0.0,1.0,1.0,1.0,1.0,1.0,1.0,1.0,0.0,1.0,0.0,0.0,0.7508176654842148,3.3149274795954886,12.014432157155142
PCF Sparkletots Preschool @ Bukit Panjang Blk 111 (EY),0.8982945818021635,1.0,,0.6,,,,0.6,0.23922757120099458,0.23513513513513506,0.0,1.0,0.0,1.0,1.0,1.0,0.0,0.0,1.0,0.0,0.0,1.0,0.0,0.0,0.0,1.0,1.0,0.0,1.0,1.0,1.0,1.0,1.0,1.0,1.0,0.0,1.0,1.0,1.0,1.0,1.0,1.0,1.0,0.0,1.0,0.0,0.0,0.7673731947954885,3.253015699954634,11.340116515053891
PCF Sparkletots Preschool @ Admiralty Blk 687B (DS),0.0912281527733898,0.8999999999999999,,0.3934606481481482,,,,0.3934606481481482,0.23922757120099458,0.23513513513513506,0.0,1.0,0.0,1.0,1.0,1.0,0.0,0.0,1.0,0.0,0.0,1.0,0.0,0.0,0.0,1.0,1.0,0.0,1.0,1.0,1.0,1.0,1.0,1.0,1.0,0.0,1.0,1.0,1.0,1.0,1.0,1.0,1.0,0.0,1.0,0.0,0.0,0.766055699197972,3.180395387949184,10.763084455892368
PCF Sparkletots Preschool @ Admiralty Blk 585 (CC),0.27382769612088315,0.6666666666666666,0.875,0.2916666666666667,,,,0.4375,0.23922757120099458,0.23513513513513506,0.0,1.0,0.0,1.0,1.0,1.0,0.0,0.0,1.0,0.0,0.0,1.0,0.0,0.0,0.0,1.0,1.0,0.0,1.0,1.0,1.0,1.0,1.0,1.0,1.0,0.0,1.0,1.0,1.0,1.0,1.0,1.0,1.0,0.0,1.0,0.0,0.0,0.748395477757543,3.3152836541475335,11.866482962705945
PCF Sparkletots Preschool @ Admiralty Blk 581 (DS),0.2611848732964158,0.9375,0.1939285714285714,0.4525,,,,0.22625,0.23922757120099458,0.23513513513513506,0.0,1.0,0.0,1.0,1.0,1.0,0.0,0.0,1.0,0.0,0.0,1.0,0.0,0.0,0.0,1.0,1.0,0.0,1.0,1.0,1.0,1.0,1.0,1.0,1.0,0.0,1.0,1.0,1.0,1.0,1.0,1.0,1.0,0.0,1.0,0.0,0.0,0.7654324159612271,3.19079601219233,10.952352044643382
NurtureStars Pte Ltd (SAFRA Yishun Country Club),0.3560621587602519,0.7,0.7509523809523809,0.4842857142857142,,,,0.6176190476190476,0.15685588840968245,0.5300990990990992,1.0,0.0,0.0,1.0,0.0,1.0,0.0,0.0,1.0,0.0,0.0,0.0,0.0,1.0,1.0,0.0,1.0,0.0,1.0,1.0,1.0,1.0,1.0,1.0,1.0,0.0,1.0,0.0,0.0,0.0,0.0,1.0,0.0,0.0,1.0,0.0,1.0,0.5676653019301768,4.000404253833276,17.1280768816244
MY World Preschool Ltd (Yishun Palm Breeze),0.4047985354641129,0.0,,,,,,,0.23922757120099458,0.23513513513513506,0.0,0.0,0.0,1.0,1.0,1.0,0.0,1.0,1.0,0.0,0.0,0.0,0.0,0.0,0.0,1.0,1.0,0.0,1.0,1.0,1.0,1.0,1.0,1.0,1.0,0.0,1.0,1.0,1.0,0.0,1.0,1.0,1.0,0.0,1.0,1.0,1.0,0.6701410953030038,3.681457654197426,14.518287135382508
MY World Preschool Ltd (Yishun Fern Grove),0.4044025347979299,0.0,,,,,,,0.23922757120099458,0.23513513513513506,0.0,0.0,0.0,1.0,1.0,1.0,0.0,1.0,1.0,0.0,0.0,0.0,0.0,0.0,0.0,1.0,1.0,0.0,1.0,1.0,1.0,1.0,1.0,1.0,1.0,0.0,1.0,1.0,1.0,0.0,1.0,1.0,1.0,0.0,1.0,1.0,1.0,0.6701414134718581,3.6814371382534388,14.517891134716324
MY World Preschool Ltd (Sun Natura),0.04257127211446067,0.6666666666666666,,,,,,,0.23922757120099458,0.23513513513513506,0.0,0.0,0.0,1.0,1.0,1.0,0.0,1.0,1.0,0.0,0.0,0.0,0.0,0.0,0.0,1.0,1.0,0.0,1.0,1.0,1.0,1.0,1.0,1.0,1.0,0.0,1.0,1.0,1.0,0.0,1.0,1.0,1.0,0.0,1.0,1.0,1.0,0.6958105399306691,3.5576864731046927,13.831995966180926
MY World Preschool Ltd (Matilda Court),0.9596730268054654,0.0,,-0.6999999999999998,,,,,0.23922757120099458,0.23513513513513506,0.0,0.0,0.0,1.0,1.0,1.0,0.0,1.0,1.0,0.0,0.0,0.0,0.0,0.0,0.0,1.0,1.0,0.0,1.0,1.0,1.0,1.0,1.0,1.0,1.0,0.0,1.0,1.0,1.0,0.0,1.0,1.0,1.0,0.0,1.0,1.0,1.0,0.6425604539460077,3.9010228528536546,15.773161626723859
MY World Preschool Ltd (Bukit Panjang),0.8973113350442568,1.0,0.0,,,,,0.0,0.23922757120099458,0.23513513513513506,0.0,0.0,0.0,1.0,1.0,1.0,0.0,1.0,1.0,0.0,0.0,0.0,0.0,0.0,0.0,1.0,1.0,0.0,1.0,1.0,1.0,1.0,1.0,1.0,1.0,0.0,1.0,1.0,1.0,0.0,1.0,1.0,1.0,0.0,1.0,1.0,1.0,0.7018674416257151,3.6032993491575906,14.010799934962652
MY World Preschool Ltd (Anchorvale Parkview),0.9590661327056564,0.5,,,,,,,0.23922757120099458,0.23513513513513506,0.0,0.0,0.0,1.0,1.0,1.0,0.0,1.0,1.0,0.0,0.0,0.0,0.0,0.0,0.0,1.0,1.0,0.0,1.0,1.0,1.0,1.0,1.0,1.0,1.0,0.0,1.0,1.0,1.0,0.0,1.0,1.0,1.0,0.0,1.0,1.0,1.0,0.6868224412973268,3.649930285605467,14.57255473262405
MY World Preschool Ltd (Admiralty),0.163751593739506,0.5,,,,,,,0.23922757120099458,0.23513513513513506,0.0,0.0,0.0,1.0,1.0,1.0,0.0,1.0,1.0,0.0,0.0,0.0,0.0,0.0,0.0,1.0,1.0,0.0,1.0,1.0,1.0,1.0,1.0,1.0,1.0,0.0,1.0,1.0,1.0,0.0,1.0,1.0,1.0,0.0,1.0,1.0,1.0,0.691206340815127,3.5734003256569205,13.877482311222549
My First Skool (997 Buangkok Crescent),0.9824463932470142,0.25,,0.2794642857142857,,,,0.2794642857142857,0.23922757120099458,0.23513513513513506,0.0,0.0,0.0,1.0,1.0,1.0,0.0,0.0,1.0,0.0,1.0,1.0,0.0,0.0,0.0,1.0,1.0,0.0,1.0,1.0,1.0,1.0,1.0,1.0,1.0,0.0,1.0,1.0,1.0,1.0,0.0,1.0,1.0,0.0,1.0,0.0,0.0,0.7527302848244269,3.2098317631440096,11.287006421736837
My First Skool (848 Woodlands St 82),0.26742335047379584,1.0,,0.91,,,,0.91,0.23922757120099458,0.23513513513513506,0.0,0.0,0.0,1.0,1.0,1.0,0.0,0.0,1.0,0.0,1.0,1.0,0.0,0.0,0.0,1.0,1.0,0.0,1.0,1.0,1.0,1.0,1.0,1.0,1.0,0.0,1.0,1.0,1.0,1.0,0.0,1.0,1.0,0.0,1.0,0.0,0.0,0.7872377379881619,3.0777473543902203,10.329245283725523
My First Skool (796A Yishun Ring Road),0.3318388077352738,0.33333333333333326,,,,,,,0.23922757120099458,0.23513513513513506,0.0,0.0,0.0,1.0,1.0,1.0,0.0,0.0,1.0,0.0,1.0,1.0,0.0,0.0,0.0,1.0,1.0,0.0,1.0,1.0,1.0,1.0,1.0,1.0,1.0,0.0,1.0,1.0,1.0,1.0,0.0,1.0,1.0,0.0,1.0,0.0,0.0,0.7523535662977929,3.158328390951741,11.111994074320336
My First Skool (785E Woodlands Rise),0.12569552859078953,0.33333333333333326,,,,,,,0.23922757120099458,0.23513513513513506,0.0,0.0,0.0,1.0,1.0,1.0,0.0,0.0,1.0,0.0,1.0,1.0,0.0,0.0,0.0,1.0,1.0,0.0,1.0,1.0,1.0,1.0,1.0,1.0,1.0,0.0,1.0,1.0,1.0,1.0,0.0,1.0,1.0,0.0,1.0,0.0,0.0,0.7516600376200502,3.1573560800930767,11.082205043037932
My First Skool (742 Woodlands Circle),0.21864099885402863,0.33333333333333326,0.17375,-0.13125,,,,0.25,0.23922757120099458,0.23513513513513506,0.0,0.0,0.0,1.0,1.0,1.0,0.0,0.0,1.0,0.0,1.0,1.0,0.0,0.0,0.0,1.0,1.0,0.0,1.0,1.0,1.0,1.0,1.0,1.0,1.0,0.0,1.0,1.0,1.0,1.0,0.0,1.0,1.0,0.0,1.0,0.0,0.0,0.7531745293002838,3.1559357352629,11.05379626543909
My First Skool (688C Woodlands Dr 75),0.0940067046816629,1.0,,,,,,,0.23922757120099458,0.23513513513513506,0.0,0.0,0.0,1.0,1.0,1.0,0.0,0.0,1.0,0.0,1.0,1.0,0.0,0.0,0.0,1.0,1.0,0.0,1.0,1.0,1.0,1.0,1.0,1.0,1.0,0.0,1.0,1.0,1.0,1.0,0.0,1.0,1.0,0.0,1.0,0.0,0.0,0.7707596064936173,3.0872391569690785,10.447227200280391
My First Skool (684A Choa Chu Kang Crescent),0.8845683683919519,1.0,,0.3388888888888888,,,,0.3388888888888888,0.23922757120099458,0.23513513513513506,0.0,0.0,0.0,1.0,1.0,1.0,0.0,0.0,1.0,0.0,1.0,1.0,0.0,0.0,0.0,1.0,1.0,0.0,1.0,1.0,1.0,1.0,1.0,1.0,1.0,0.0,1.0,1.0,1.0,1.0,0.0,1.0,1.0,0.0,1.0,0.0,0.0,0.7787804944963044,3.092234601569828,10.320279190532569
My First Skool (678 Woodlands Ave 6),0.16279297473236395,1.0,,,,,,,0.23922757120099458,0.23513513513513506,0.0,0.0,0.0,1.0,1.0,1.0,0.0,0.0,1.0,0.0,1.0,1.0,0.0,0.0,0.0,1.0,1.0,0.0,1.0,1.0,1.0,1.0,1.0,1.0,1.0,0.0,1.0,1.0,1.0,1.0,0.0,1.0,1.0,0.0,1.0,0.0,0.0,0.7712135696605898,3.0853341634828797,10.37844093022969
My First Skool (654 Senja Road),0.8466369060810346,0.921875,0.2787301587301588,0.3333181648727867,,,,0.3284442357529092,0.23922757120099458,0.23513513513513506,0.0,0.0,0.0,1.0,1.0,1.0,0.0,0.0,1.0,0.0,1.0,1.0,0.0,0.0,0.0,1.0,1.0,0.0,1.0,1.0,1.0,1.0,1.0,1.0,1.0,0.0,1.0,1.0,1.0,1.0,0.0,1.0,1.0,0.0,1.0,0.0,0.0,0.7765108355048708,3.098473767235389,10.655218264103892
My First Skool (612 Yishun St 61),0.3385004836800358,0.5357142857142857,0.0,0.2599090909090909,,,,0.357375,0.23922757120099458,0.23513513513513506,0.0,0.0,0.0,1.0,1.0,1.0,0.0,0.0,1.0,0.0,1.0,1.0,0.0,0.0,0.0,1.0,1.0,0.0,1.0,1.0,1.0,1.0,1.0,1.0,1.0,0.0,1.0,1.0,1.0,1.0,0.0,1.0,1.0,0.0,1.0,0.0,0.0,0.7713970775431896,3.060288497088733,10.298990706975054
My First Skool (604 Sembawang Road),0.10743431752481084,0.75,,,,,,,0.23922757120099458,0.23513513513513506,0.0,0.0,0.0,1.0,1.0,1.0,0.0,0.0,1.0,0.0,1.0,1.0,0.0,0.0,0.0,1.0,1.0,0.0,1.0,1.0,1.0,1.0,1.0,1.0,1.0,0.0,1.0,1.0,1.0,1.0,0.0,1.0,1.0,0.0,1.0,0.0,0.0,0.7654169786923182,3.0968543533767394,10.683799587437244
My First Skool (602 Choa Chu Kang St 62),0.9414292248104026,0.75,,,,,,,0.23922757120099458,0.23513513513513506,0.0,0.0,0.0,1.0,1.0,1.0,0.0,0.0,1.0,0.0,1.0,1.0,0.0,0.0,0.0,1.0,1.0,0.0,1.0,1.0,1.0,1.0,1.0,1.0,1.0,0.0,1.0,1.0,1.0,1.0,0.0,1.0,1.0,0.0,1.0,0.0,0.0,0.760064055836106,3.1793893018552826,11.304917824728797
My First Skool (601 Ang Mo Kio Ave 5),0.7286842908086667,0.75,,,,,,,0.23922757120099458,0.23513513513513506,0.0,0.0,0.0,1.0,1.0,1.0,0.0,0.0,1.0,0.0,1.0,1.0,0.0,0.0,0.0,1.0,1.0,0.0,1.0,1.0,1.0,1.0,1.0,1.0,1.0,0.0,1.0,1.0,1.0,1.0,0.0,1.0,1.0,0.0,1.0,0.0,0.0,0.7635498655340504,3.137548213141449,11.092172890727062
My First Skool (6 Segar Road),0.7929199669074583,0.9476744186046511,0.4682862084385522,0.3681264527882831,,,,0.4208421136568458,0.23922757120099458,0.23513513513513506,0.0,0.0,0.0,1.0,1.0,1.0,0.0,0.0,1.0,0.0,1.0,1.0,0.0,0.0,0.0,1.0,1.0,0.0,1.0,1.0,1.0,1.0,1.0,1.0,1.0,0.0,1.0,1.0,1.0,1.0,0.0,1.0,1.0,0.0,1.0,0.0,0.0,0.7770396631280327,3.1061689563011425,10.638051790214625
My First Skool (571 Ang Mo Kio Ave 3),0.9305274412831049,1.0,,-0.0902777777777777,,,,-0.0902777777777777,0.23922757120099458,0.23513513513513506,0.0,0.0,0.0,1.0,1.0,1.0,0.0,0.0,1.0,0.0,1.0,1.0,0.0,0.0,0.0,1.0,1.0,0.0,1.0,1.0,1.0,1.0,1.0,1.0,1.0,0.0,1.0,1.0,1.0,1.0,0.0,1.0,1.0,0.0,1.0,0.0,0.0,0.7613187160397894,3.196176139522725,11.224571596757055
My First Skool (541 Ang Mo Kio Ave 10),0.8928853262457314,0.9411764705882353,,,,,,,0.23922757120099458,0.23513513513513506,0.0,0.0,0.0,1.0,1.0,1.0,0.0,0.0,1.0,0.0,1.0,1.0,0.0,0.0,0.0,1.0,1.0,0.0,1.0,1.0,1.0,1.0,1.0,1.0,1.0,0.0,1.0,1.0,1.0,1.0,0.0,1.0,1.0,0.0,1.0,0.0,0.0,0.7653807126619208,3.159303117075293,11.065197455575891
My First Skool (51 Fernvale Link),0.8895119441090888,0.8706896551724137,0.2409918091168091,0.2777309067972283,,,,0.3154185919453733,0.23922757120099458,0.23513513513513506,0.0,0.0,0.0,1.0,1.0,1.0,0.0,0.0,1.0,0.0,1.0,1.0,0.0,0.0,0.0,1.0,1.0,0.0,1.0,1.0,1.0,1.0,1.0,1.0,1.0,0.0,1.0,1.0,1.0,1.0,0.0,1.0,1.0,0.0,1.0,0.0,0.0,0.7740883976398442,3.109581757843136,10.780153199229277
My First Skool (509B Yishun Ave 4),0.42809013818556724,1.0,,,,,,,0.23922757120099458,0.23513513513513506,0.0,0.0,0.0,1.0,1.0,1.0,0.0,0.0,1.0,0.0,1.0,1.0,0.0,0.0,0.0,1.0,1.0,0.0,1.0,1.0,1.0,1.0,1.0,1.0,1.0,0.0,1.0,1.0,1.0,1.0,0.0,1.0,1.0,0.0,1.0,0.0,0.0,0.771490428510277,3.092340035965582,10.541578738103961
My First Skool (507A Wellington Circle),0.14039326927037554,1.0,,,,,,,0.23922757120099458,0.23513513513513506,0.0,0.0,0.0,1.0,1.0,1.0,0.0,0.0,1.0,0.0,1.0,1.0,0.0,0.0,0.0,1.0,1.0,0.0,1.0,1.0,1.0,1.0,1.0,1.0,1.0,0.0,1.0,1.0,1.0,1.0,0.0,1.0,1.0,0.0,1.0,0.0,0.0,0.7710830828995199,3.085786283370016,10.40084063569168
My First Skool (50 Sengkang West Way),0.8596955175966435,1.0,,,,,,,0.23922757120099458,0.23513513513513506,0.0,0.0,0.0,1.0,1.0,1.0,0.0,0.0,1.0,0.0,1.0,1.0,0.0,0.0,0.0,1.0,1.0,0.0,1.0,1.0,1.0,1.0,1.0,1.0,1.0,0.0,1.0,1.0,1.0,1.0,0.0,1.0,1.0,0.0,1.0,0.0,0.0,0.767072492009361,3.151787578490176,10.973184117515038
My First Skool (491 Admiralty Link),0.14323424955051692,1.0,,,,,,,0.23922757120099458,0.23513513513513506,0.0,0.0,0.0,1.0,1.0,1.0,0.0,0.0,1.0,0.0,1.0,1.0,0.0,0.0,0.0,1.0,1.0,0.0,1.0,1.0,1.0,1.0,1.0,1.0,1.0,0.0,1.0,1.0,1.0,1.0,0.0,1.0,1.0,0.0,1.0,0.0,0.0,0.7711005599827889,3.0857199404427265,10.397999655411537
My First Skool (443A Fajar Road),0.8603543564416856,0.0,,-0.0290178571428571,,,,-0.0290178571428571,0.23922757120099458,0.23513513513513506,0.0,0.0,0.0,1.0,1.0,1.0,0.0,0.0,1.0,0.0,1.0,1.0,0.0,0.0,0.0,1.0,1.0,0.0,1.0,1.0,1.0,1.0,1.0,1.0,1.0,0.0,1.0,1.0,1.0,1.0,0.0,1.0,1.0,0.0,1.0,0.0,0.0,0.7310707081725727,3.315209222416189,12.031878670645794
My First Skool (423 Yishun Ave 11),0.430997527266847,0.875,0.2,0.425,0.425,,0.425,0.2,0.23922757120099458,0.23513513513513506,0.0,0.0,0.0,1.0,1.0,1.0,0.0,0.0,1.0,0.0,1.0,1.0,0.0,0.0,0.0,1.0,1.0,0.0,1.0,1.0,1.0,1.0,1.0,1.0,1.0,0.0,1.0,1.0,1.0,1.0,0.0,1.0,1.0,0.0,1.0,0.0,0.0,0.7735612704954147,3.101036140513559,11.094486127185242
My First Skool (406 Woodlands St 41),0.5050113957094214,0.9375,,,,,,,0.23922757120099458,0.23513513513513506,0.0,0.0,0.0,1.0,1.0,1.0,0.0,0.0,1.0,0.0,1.0,1.0,0.0,0.0,0.0,1.0,1.0,0.0,1.0,1.0,1.0,1.0,1.0,1.0,1.0,0.0,1.0,1.0,1.0,1.0,0.0,1.0,1.0,0.0,1.0,0.0,0.0,0.7699717840519669,3.0992492291934792,10.680999995627817
My First Skool (347 Woodlands Ave 3),0.39502812188180125,1.0,,,,,,,0.23922757120099458,0.23513513513513506,0.0,0.0,0.0,1.0,1.0,1.0,0.0,0.0,1.0,0.0,1.0,1.0,0.0,0.0,0.0,1.0,1.0,0.0,1.0,1.0,1.0,1.0,1.0,1.0,1.0,0.0,1.0,1.0,1.0,1.0,0.0,1.0,1.0,0.0,1.0,0.0,0.0,0.7715828210872666,3.0902257313909214,10.508516721800195
My First Skool (343 Ang Mo Kio Ave 3),0.9178569227157298,1.0,,,,,,,0.23922757120099458,0.23513513513513506,0.0,0.0,0.0,1.0,1.0,1.0,0.0,0.0,1.0,0.0,1.0,1.0,0.0,0.0,0.0,1.0,1.0,0.0,1.0,1.0,1.0,1.0,1.0,1.0,1.0,0.0,1.0,1.0,1.0,1.0,0.0,1.0,1.0,0.0,1.0,0.0,0.0,0.7660372141853191,3.164217378681806,11.031345522634124
My First Skool (331 Sembawang Close),0.047359801123433014,0.75,,,,,,,0.23922757120099458,0.23513513513513506,0.0,0.0,0.0,1.0,1.0,1.0,0.0,0.0,1.0,0.0,1.0,1.0,0.0,0.0,0.0,1.0,1.0,0.0,1.0,1.0,1.0,1.0,1.0,1.0,1.0,0.0,1.0,1.0,1.0,1.0,0.0,1.0,1.0,0.0,1.0,0.0,0.0,0.7649138228970754,3.0995006527749513,10.743874103838621
My First Skool (331 Ang Mo Kio Ave 1),0.9909708024551984,0.75,,,,,,,0.23922757120099458,0.23513513513513506,0.0,0.0,0.0,1.0,1.0,1.0,0.0,0.0,1.0,0.0,1.0,1.0,0.0,0.0,0.0,1.0,1.0,0.0,1.0,1.0,1.0,1.0,1.0,1.0,1.0,0.0,1.0,1.0,1.0,1.0,0.0,1.0,1.0,0.0,1.0,0.0,0.0,0.7590575542429332,3.1910906131762204,11.354459402373593
My First Skool (329 Ang Mo Kio Ave 3),0.9259050280146749,1.0,,,,,,,0.23922757120099458,0.23513513513513506,0.0,0.0,0.0,1.0,1.0,1.0,0.0,0.0,1.0,0.0,1.0,1.0,0.0,0.0,0.0,1.0,1.0,0.0,1.0,1.0,1.0,1.0,1.0,1.0,1.0,0.0,1.0,1.0,1.0,1.0,0.0,1.0,1.0,0.0,1.0,0.0,0.0,0.7658860776090353,3.166017667452522,11.03939362793307
My First Skool (322D Sumang Walk),0.9749883736635722,1.0,,0.0583333333333333,,,,,0.23922757120099458,0.23513513513513506,0.0,0.0,0.0,1.0,1.0,1.0,0.0,0.0,1.0,0.0,1.0,1.0,0.0,0.0,0.0,1.0,1.0,0.0,1.0,1.0,1.0,1.0,1.0,1.0,1.0,0.0,1.0,1.0,1.0,1.0,0.0,1.0,1.0,0.0,1.0,0.0,0.0,0.7662304847915831,3.1693512597755142,11.030143640248633
My First Skool (308C Anchorvale Rd),0.9927425290630155,0.375,0.3875,-1.0,0.3875,0.3875,0.3875,,0.23922757120099458,0.23513513513513506,0.0,0.0,0.0,1.0,1.0,1.0,0.0,0.0,1.0,0.0,1.0,1.0,0.0,0.0,0.0,1.0,1.0,0.0,1.0,1.0,1.0,1.0,1.0,1.0,1.0,0.0,1.0,1.0,1.0,1.0,0.0,1.0,1.0,0.0,1.0,0.0,0.0,0.6994147455109755,3.6125336517170523,14.28123112898141
My First Skool (303 Canberra Road),0.07664770955979155,1.0,0.3833333333333333,0.7,,,,0.5416666666666666,0.23922757120099458,0.23513513513513506,0.0,0.0,0.0,1.0,1.0,1.0,0.0,0.0,1.0,0.0,1.0,1.0,0.0,0.0,0.0,1.0,1.0,0.0,1.0,1.0,1.0,1.0,1.0,1.0,1.0,0.0,1.0,1.0,1.0,1.0,0.0,1.0,1.0,0.0,1.0,0.0,0.0,0.7845518268342031,3.0502233719039538,10.217919528735596
My First Skool (245 Bishan St 22),0.977929736608407,0.75,0.215625,,,,,0.215625,0.23922757120099458,0.23513513513513506,0.0,0.0,0.0,1.0,1.0,1.0,0.0,0.0,1.0,0.0,1.0,1.0,0.0,0.0,0.0,1.0,1.0,0.0,1.0,1.0,1.0,1.0,1.0,1.0,1.0,0.0,1.0,1.0,1.0,1.0,0.0,1.0,1.0,0.0,1.0,0.0,0.0,0.7629076168236635,3.1708295781016687,11.341418336526802
My First Skool (235 Bukit Panjang Ring Road),0.8760015716533839,0.5,,0.0861111111111111,,,,0.0861111111111111,0.23922757120099458,0.23513513513513506,0.0,0.0,0.0,1.0,1.0,1.0,0.0,0.0,1.0,0.0,1.0,1.0,0.0,0.0,0.0,1.0,1.0,0.0,1.0,1.0,1.0,1.0,1.0,1.0,1.0,0.0,1.0,1.0,1.0,1.0,0.0,1.0,1.0,0.0,1.0,0.0,0.0,0.7575468740200948,3.171553471571799,11.317267949349556
My First Skool (229 Ang Mo Kio Ave 3),0.8636476288867486,1.0,0.6763888888888889,0.3625,,,,0.5979166666666667,0.23922757120099458,0.23513513513513506,0.0,0.0,0.0,1.0,1.0,1.0,0.0,0.0,1.0,0.0,1.0,1.0,0.0,0.0,0.0,1.0,1.0,0.0,1.0,1.0,1.0,1.0,1.0,1.0,1.0,0.0,1.0,1.0,1.0,1.0,0.0,1.0,1.0,0.0,1.0,0.0,0.0,0.774305872456617,3.1601436479242717,10.953108451027365
My First Skool (209 Ang Mo Kio Ave 3),0.8866300353570558,0.5,,,,,,,0.23922757120099458,0.23513513513513506,0.0,0.0,0.0,1.0,1.0,1.0,0.0,0.0,1.0,0.0,1.0,1.0,0.0,0.0,0.0,1.0,1.0,0.0,1.0,1.0,1.0,1.0,1.0,1.0,1.0,0.0,1.0,1.0,1.0,1.0,0.0,1.0,1.0,0.0,1.0,0.0,0.0,0.7535008966356913,3.1967609017614733,11.50011863527545
My First Skool (120 Canberra Crescent),0.1753806782475738,1.0,,,,,,,0.23922757120099458,0.23513513513513506,0.0,0.0,0.0,1.0,1.0,1.0,0.0,0.0,1.0,0.0,1.0,1.0,0.0,0.0,0.0,1.0,1.0,0.0,1.0,1.0,1.0,1.0,1.0,1.0,1.0,0.0,1.0,1.0,1.0,1.0,0.0,1.0,1.0,0.0,1.0,0.0,0.0,0.7712795495396455,3.0851514385772143,10.365853226714481
Little Seeds Preschool (TSA - Bukit Panjang),0.8811882713692423,0.9375,,0.4875,,,,0.4875,0.15685588840968245,0.5225225225225225,1.0,1.0,0.0,1.0,1.0,1.0,0.0,1.0,1.0,0.0,0.0,1.0,0.0,0.0,1.0,1.0,1.0,0.0,1.0,1.0,1.0,1.0,1.0,1.0,1.0,0.0,1.0,1.0,1.0,1.0,0.0,1.0,1.0,1.0,1.0,0.0,0.0,0.6741926987591536,3.968565025450965,16.53026927479967
Little Seeds Preschool (TSA - Ang Mo Kio),0.7581698375926739,1.0,0.2656649988692899,0.3027864051371514,,,,0.2857724272643815,0.15685588840968245,0.5225225225225225,1.0,1.0,0.0,1.0,1.0,1.0,0.0,1.0,1.0,0.0,0.0,1.0,0.0,0.0,1.0,1.0,1.0,0.0,1.0,1.0,1.0,1.0,1.0,1.0,1.0,0.0,1.0,1.0,1.0,1.0,0.0,1.0,1.0,1.0,1.0,0.0,0.0,0.6712495170161108,3.965703822363255,16.918523674157527
Little Seeds Preschool (Praiseland),0.3765064007570167,1.0,0.3667424242424242,0.4478761904761905,,,,0.4230853174603174,0.15685588840968245,0.5225225225225225,1.0,1.0,0.0,1.0,1.0,1.0,0.0,1.0,1.0,0.0,0.0,1.0,0.0,0.0,1.0,1.0,1.0,0.0,1.0,1.0,1.0,1.0,1.0,1.0,1.0,0.0,1.0,1.0,1.0,1.0,0.0,1.0,1.0,1.0,1.0,0.0,0.0,0.6755398660436804,3.9322876515519387,16.355534987160027
Little Footprints Preschool Pte Ltd (Yishun 865),0.41194424918030836,0.9310344827586208,0.4363719336977215,0.3237312812414528,,,,0.3730115666910704,0.15685588840968245,0.12612612612612606,1.0,1.0,0.0,1.0,1.0,1.0,0.0,0.0,1.0,0.0,1.0,1.0,0.0,0.0,0.0,1.0,1.0,0.0,1.0,0.0,0.0,1.0,1.0,1.0,1.0,0.0,1.0,1.0,1.0,1.0,0.0,1.0,1.0,1.0,1.0,0.0,0.0,0.7623562449837242,3.2192773509743735,11.307390125887583
Little Footprints Preschool Pte Ltd (Yishun 388),0.3879896387711549,0.9705882352941178,0.325163961038961,0.2683404195011338,,,,0.3030659171075838,0.15685588840968245,0.12612612612612606,1.0,1.0,0.0,1.0,1.0,1.0,0.0,0.0,1.0,0.0,1.0,1.0,0.0,0.0,0.0,1.0,1.0,0.0,1.0,0.0,0.0,1.0,1.0,1.0,1.0,0.0,1.0,1.0,1.0,1.0,0.0,1.0,1.0,1.0,1.0,0.0,0.0,0.7628532567100466,3.209900469027002,11.258010301607978
Little Footprints Preschool Pte Ltd (Yishun 366),0.3748101603882037,0.953125,0.4192212301587301,0.3363039743409325,,,,0.3629559494252246,0.15685588840968245,0.12612612612612606,1.0,1.0,0.0,1.0,1.0,1.0,0.0,0.0,1.0,0.0,1.0,1.0,0.0,0.0,0.0,1.0,1.0,0.0,1.0,0.0,0.0,1.0,1.0,1.0,1.0,0.0,1.0,1.0,1.0,1.0,0.0,1.0,1.0,1.0,1.0,0.0,0.0,0.7631349169968035,3.2142999913602948,11.228497740481474
Little Footprints Preschool Pte Ltd (Woodlands 551),0.25242187661200466,0.96875,,,,,,,0.15685588840968245,0.12612612612612606,1.0,1.0,0.0,1.0,1.0,1.0,0.0,0.0,1.0,0.0,1.0,1.0,0.0,0.0,0.0,1.0,1.0,0.0,1.0,0.0,0.0,1.0,1.0,1.0,1.0,0.0,1.0,1.0,1.0,1.0,0.0,1.0,1.0,1.0,1.0,0.0,0.0,0.7536641608864386,3.2465205703493596,11.370523150312703
Kidz Meadow Childcare & Development Centre (Yishun),0.18612374917058178,1.0,0.3612104547185192,0.2520761821192855,,,,0.308462222962223,0.02828612503399741,0.23423423423423417,1.0,1.0,0.0,1.0,1.0,1.0,0.0,0.0,1.0,0.0,0.0,1.0,0.0,0.0,0.0,1.0,1.0,0.0,1.0,1.0,1.0,1.0,1.0,1.0,1.0,0.0,1.0,1.0,1.0,1.0,0.0,1.0,1.0,1.0,1.0,0.0,0.0,0.6960093754121376,3.663690802166798,14.36582275069458
Kidz Meadow Childcare & Development Centre (Yew Tee),0.9310239652061066,1.0,0.3605312049062049,0.2101562399505256,,,,0.2763315746753246,0.02828612503399741,0.23423423423423417,1.0,1.0,0.0,1.0,1.0,1.0,0.0,0.0,1.0,0.0,0.0,1.0,0.0,0.0,0.0,1.0,1.0,0.0,1.0,1.0,1.0,1.0,1.0,1.0,1.0,0.0,1.0,1.0,1.0,1.0,0.0,1.0,1.0,1.0,1.0,0.0,0.0,0.6913389852148646,3.7372193547221464,15.128596500670952
Jamiyah Child Care Centre,0.8750115109722572,0.8333333333333333,,,,,,,0.19473909158021518,,0.0,0.0,0.0,0.0,0.0,0.0,0.0,0.0,0.0,0.0,0.0,0.0,0.0,0.0,0.0,0.0,0.0,0.0,0.0,0.0,0.0,0.0,0.0,0.0,0.0,0.0,0.0,0.0,0.0,0.0,0.0,0.0,0.0,0.0,0.0,0.0,0.0,0.2221854327445809,3.9978084357361343,17.108664266187105
Greenland Childcare @ Sumang Walk Pte Ltd,0.9988906354849958,0.8571428571428572,,0.1883424967328269,,,,0.1883424967328269,0.15685588840968245,0.16216216216216217,0.0,0.0,0.0,1.0,1.0,1.0,0.0,1.0,1.0,1.0,0.0,1.0,0.0,0.0,0.0,1.0,1.0,0.0,1.0,0.0,1.0,1.0,1.0,1.0,1.0,0.0,0.0,1.0,1.0,1.0,0.0,1.0,1.0,0.0,1.0,1.0,0.0,0.7179086834428132,3.4493072359586505,12.887950094613219
Greenland Childcare @ Fernvale Pte Ltd,0.8996749326994833,0.8653846153846154,0.3358769542423389,0.1644665213200566,,,,0.2585618053983854,0.15685588840968245,0.16216216216216217,0.0,0.0,0.0,1.0,1.0,1.0,0.0,1.0,1.0,1.0,0.0,1.0,0.0,0.0,0.0,1.0,1.0,0.0,1.0,0.0,1.0,1.0,1.0,1.0,1.0,0.0,0.0,1.0,1.0,1.0,0.0,1.0,1.0,0.0,1.0,1.0,0.0,0.7189237111133354,3.4412071173525893,13.070026254575499
Glory Joy Child Development Centre,0.11740685482965232,0.9537037037037037,0.4372275492640076,0.2659223453314362,,,,0.3481488432190705,0.35112872518164506,0.04504504504504503,0.0,1.0,0.0,1.0,1.0,1.0,0.0,0.0,1.0,0.0,0.0,1.0,0.0,0.0,0.0,1.0,1.0,0.0,1.0,1.0,1.0,1.0,1.0,1.0,1.0,1.0,1.0,1.0,1.0,1.0,0.0,0.0,1.0,0.0,1.0,1.0,1.0,0.6517007676028371,3.907950936389069,16.045342517125512
E-Bridge Pre-School Pte Ltd (Bukit Panjang Plaza),0.9103528980577812,0.625,0.1363636363636363,0.1363636363636363,,,,0.1363636363636363,0.15685588840968245,0.0,0.0,1.0,0.0,1.0,1.0,1.0,1.0,1.0,1.0,0.0,1.0,1.0,0.0,0.0,1.0,1.0,1.0,0.0,1.0,1.0,1.0,1.0,1.0,1.0,1.0,0.0,1.0,1.0,1.0,1.0,0.0,1.0,1.0,0.0,1.0,1.0,0.0,0.6907827614424562,3.868588028596241,16.25385855341286
"E-Bridge Pre-School Pte Ltd (592C, Montreal Link)",0.15977780456767243,1.0,0.31,0.31,,,,0.31,0.15685588840968245,0.0,0.0,1.0,0.0,1.0,1.0,1.0,1.0,1.0,1.0,0.0,1.0,1.0,0.0,0.0,1.0,1.0,1.0,0.0,1.0,1.0,1.0,1.0,1.0,1.0,1.0,0.0,1.0,1.0,1.0,1.0,0.0,1.0,1.0,0.0,1.0,1.0,0.0,0.7076356443145542,3.7750119651790746,15.062836792194704
"E-Bridge Pre-School Pte Ltd (417A, Fernvale Link)",0.928391010944687,0.6666666666666666,,,,,,,0.15685588840968245,0.0,0.0,1.0,0.0,1.0,1.0,1.0,1.0,1.0,1.0,0.0,1.0,1.0,0.0,0.0,1.0,1.0,1.0,0.0,1.0,1.0,1.0,1.0,1.0,1.0,1.0,0.0,1.0,1.0,1.0,1.0,0.0,1.0,1.0,0.0,1.0,1.0,0.0,0.6866291657589316,3.893758254818995,16.366593635996736
"E-Bridge Pre-School Pte Ltd (226A, Sumang Lane)",0.9789798598322601,1.0,,0.0,,,,,0.15685588840968245,0.0,0.0,1.0,0.0,1.0,1.0,1.0,1.0,1.0,1.0,0.0,1.0,1.0,0.0,0.0,1.0,1.0,1.0,0.0,1.0,1.0,1.0,1.0,1.0,1.0,1.0,0.0,1.0,1.0,1.0,1.0,0.0,1.0,1.0,0.0,1.0,1.0,0.0,0.694500994900554,3.889099483172811,16.083849151550975
E-Bridge Pre-School Pte Ltd (126A Canberra Street),0.2172465508297009,0.75,,0.1514299242424242,,,,0.1514299242424242,0.15685588840968245,0.0,0.0,1.0,0.0,1.0,1.0,1.0,1.0,1.0,1.0,0.0,1.0,1.0,0.0,0.0,1.0,1.0,1.0,0.0,1.0,1.0,1.0,1.0,1.0,1.0,1.0,0.0,1.0,1.0,1.0,1.0,0.0,1.0,1.0,0.0,1.0,1.0,0.0,0.6980463616521627,3.7900729329259852,15.269255994063567
Child at Street 11,0.854767682078055,0.6875,0.221,-0.4949999999999999,,,,-0.0474999999999999,0.15685588840968245,0.0,0.0,0.0,0.0,1.0,1.0,1.0,0.0,1.0,1.0,0.0,0.0,1.0,0.0,0.0,1.0,1.0,1.0,0.0,1.0,1.0,1.0,1.0,1.0,1.0,1.0,0.0,0.0,1.0,1.0,1.0,0.0,1.0,1.0,0.0,1.0,0.0,0.0,0.6905350256207521,3.5849574995500113,14.03563697379677
Agape Little Uni. @ Gambas Pte Ltd,0.0,0.33333333333333326,0.51,-0.1302007083825265,,,,0.51,0.15685588840968245,0.7027027027027026,0.0,1.0,0.0,1.0,1.0,1.0,0.0,1.0,1.0,0.0,0.0,1.0,1.0,0.0,0.0,1.0,1.0,1.0,1.0,1.0,1.0,1.0,1.0,1.0,1.0,0.0,1.0,1.0,1.0,0.0,1.0,1.0,1.0,0.0,1.0,0.0,1.0,0.6869413053940381,3.821533161361543,15.972207197036795
Agape Child Care (CCK) Pte Ltd,0.9140080578554726,0.25,0.5375,0.0391666666666666,,,,0.1637499999999999,0.15685588840968245,0.7027027027027026,0.0,1.0,0.0,1.0,1.0,1.0,0.0,1.0,1.0,0.0,0.0,1.0,1.0,0.0,0.0,1.0,1.0,1.0,1.0,1.0,1.0,1.0,1.0,1.0,1.0,0.0,1.0,1.0,1.0,0.0,1.0,1.0,1.0,0.0,1.0,0.0,1.0,0.681249122351755,3.887448276900596,16.66201924146608
Ace @ Work Childcare Pte Ltd (CCK 757),0.9592567865811591,1.0,0.3178145026126392,0.3589484126984127,,0.2657142857142857,,0.3298938363224077,0.15685588840968245,0.0,0.0,0.0,0.0,0.0,1.0,1.0,0.0,0.0,1.0,1.0,1.0,1.0,0.0,0.0,0.0,0.0,1.0,0.0,1.0,0.0,1.0,1.0,1.0,1.0,1.0,0.0,1.0,1.0,1.0,0.0,0.0,0.0,1.0,0.0,1.0,0.0,1.0,0.6671180340724698,3.586076653744012,13.958812617605979
Ace @ Work Childcare Pte Ltd (Cashew Heights),0.9466109959938298,0.875,0.266532777462837,0.3546780249261866,0.0,0.0,,0.3342906294462229,0.15685588840968245,0.0,0.0,0.0,0.0,0.0,1.0,1.0,0.0,0.0,1.0,1.0,1.0,1.0,0.0,0.0,0.0,0.0,1.0,0.0,1.0,0.0,1.0,1.0,1.0,1.0,1.0,0.0,1.0,1.0,1.0,0.0,0.0,0.0,1.0,0.0,1.0,0.0,1.0,0.6659848457509202,3.571563081720717,13.754044410802972
Ace @ Work Childcare Pte Ltd (703 Choa Chu Kang St 53),0.9678061207542032,0.875,0.3387278561042118,0.366994797091616,,0.1071428571428571,,0.3598922100614615,0.15685588840968245,0.0,0.0,0.0,0.0,0.0,1.0,1.0,0.0,0.0,1.0,1.0,1.0,1.0,0.0,0.0,0.0,0.0,1.0,0.0,1.0,0.0,1.0,1.0,1.0,1.0,1.0,0.0,1.0,1.0,1.0,0.0,0.0,0.0,1.0,0.0,1.0,0.0,1.0,0.6652376565075392,3.582446799505853,13.91665911856691
PCF Sparkletots Preschool @ Marsiling Blk 12 (CC),0.40552392356798356,1.0,,,,,,,0.23922757120099458,0.23513513513513506,0.0,1.0,0.0,1.0,1.0,1.0,0.0,0.0,1.0,0.0,0.0,1.0,0.0,0.0,0.0,1.0,1.0,0.0,1.0,1.0,1.0,1.0,1.0,1.0,1.0,0.0,1.0,1.0,1.0,1.0,1.0,1.0,1.0,0.0,1.0,0.0,0.0,0.7554995481981809,3.2486009260241757,11.519012523486378
"E-Bridge Pre-School Pte Ltd (573, Woodlands Drive 16)",0.23516801704992327,0.6666666666666666,,,,,,,0.15685588840968245,0.0,0.0,1.0,0.0,1.0,1.0,1.0,1.0,1.0,1.0,0.0,1.0,1.0,0.0,0.0,1.0,1.0,1.0,0.0,1.0,1.0,1.0,1.0,1.0,1.0,1.0,0.0,1.0,1.0,1.0,1.0,0.0,1.0,1.0,0.0,1.0,1.0,0.0,0.6897036694161194,3.8276977878351572,15.673370642101972
Kidz Meadow Childcare & Development Centre (Woodlands),0.2904670562180155,1.0,,,,,,,0.02828612503399741,0.23423423423423417,1.0,1.0,0.0,1.0,1.0,1.0,0.0,0.0,1.0,0.0,0.0,1.0,0.0,0.0,0.0,1.0,1.0,0.0,1.0,1.0,1.0,1.0,1.0,1.0,1.0,0.0,1.0,1.0,1.0,1.0,0.0,1.0,1.0,1.0,1.0,0.0,0.0,0.6876070482959733,3.69636756584436,14.613996201402507
My First Skool (676 Woodlands Drive 71),0.16947952692027102,1.0,,,,,,,0.23922757120099458,0.23513513513513506,0.0,0.0,0.0,1.0,1.0,1.0,0.0,0.0,1.0,0.0,1.0,1.0,0.0,0.0,0.0,1.0,1.0,0.0,1.0,1.0,1.0,1.0,1.0,1.0,1.0,0.0,1.0,1.0,1.0,1.0,0.0,1.0,1.0,0.0,1.0,0.0,0.0,0.7712492762144059,3.085230707171216,10.371754378041784
Star Learners @ Sembawang Way Pte Ltd,0.08027765804598827,1.0,,,,,,,0.15685588840968245,0.2072072072072072,1.0,0.0,0.0,1.0,1.0,1.0,0.0,0.0,1.0,0.0,0.0,1.0,0.0,0.0,0.0,1.0,1.0,0.0,1.0,1.0,1.0,1.0,1.0,1.0,1.0,0.0,1.0,1.0,1.0,1.0,0.0,1.0,1.0,1.0,1.0,1.0,1.0,0.6758138674706341,3.8171482149716023,15.515400001779451
